UK_Omeka;dcterms:creator;dcterms:abstract
33;Achenbach, Oswald;Düsseldorf, 1827-Düsseldorf, 1905
34;Adan, Louis-Émile;Paris, 1839-?, 1937
35;Alma Tadema, Lawrence;Dronrijp, 1836-?, 1902
36;Anastasi, Auguste;Paris, 1820-Paris, 1889
37;Anker, Albert;Anet, 1831-Berne, 1910
38;Antigna, Alexandre;Orléans, 1817-?, 1878
39;Appian, Adolphe;Lyon, 1818-Lyon, 1898
40;Armand-Dumaresq, Édouard;Paris, 1826-Paris, 1895
41;Aubert, Jean;Paris, 1824-Paris, 1906
42;Aublet, Albert;Paris, 1851-?, 1938
43;Auguin, Louis-Auguste;Rochefort-sur-mer, 1824-Bordeaux, 1903
44;Aze, Adolphe;Paris, 1823-Paris, 1884
45;Baader, Louis-Marie;Lannion, 1828-Morlaix, 1920
46;Badin, Jules;Paris, 1843-?, 1919
47;Ballavoine, Jules;Paris, 1844-?, 1901
48;Balleroy, Albert de;Lonné, 1828-?, 1873
49;Balze, Paul;Rome, 1815-Pavia, 1884
50;Barillot, Léon;Montigny les Metz, 1844-Paris, 1929
51;Barrias, Félix;Paris, 1822-Paris, 1907
52;Bastien-Lepage, Jules;Damvilliers, 1848-Paris, 1884
53;Baudit, Amédée;Genève, 1826-?, ?
54;Baudry, Paul;Napoléon Vendée, 1828-Paris, 1886
55;Beaucé, Jean-Adolphe;Paris, 1818-Boulogne, 1875
56;Beaulieu, Anatole de;Paris, 1819-Paris, 1884
57;Beaumetz, Étienne;Paris, 1852-Limoux, 1913
58;Beaumont, Édouard de;Lannion, 1821-Paris, 1888
59;Beauverie, Charles;Lyon, 1839-Paris, 1888
60;Becker, Georges;Paris, 1845-Paris, 1909
61;Bellanger, Camille;Paris, 1853-Paris, 1923
62;Bellay, Charles-Paul;Paris, 1826-Paris, 1900
63;Belly, Léon;Saint-Omer, 1827-Paris, 1877
64;Benner, Jean;Mulhouse, 1836-Paris, 1909
65;Bénouville, François-Léon;Paris, 1821-Paris, 1859
66;Berchère, Narcisse;Etampes, 1819-Asnière, 1891
67;Bergeret, Denis;Villeparisis, 1846-Paris, 1910
68;Berne-Bellecour, Étienne;Boulogne-sur-Mer, 1838-Paris, 1910
69;Bernier, Camille;Colmar, 1823-Paris, 1902
70;Berthon, Nicolas;Paris, 1831-Paris, 1888
71;Bertrand, James;Lyon, 1825-Orsay, 1887
72;Besnard, Louise;Paris, 1816-Lyon, 1879
73;Besnard, Albert;Paris, 1849-Paris, 1934
74;Betsellère, Émile;Bayonne, 1847-Bayonne, 1880
75;Bezard, Jean-Louis;Toulouse, 1799-Paris, 1861
76;Biennourry, Victor;Bar-sur-Aube, 1823-Paris, 1893
77;Billet, Pierre;Cantin, 1837-Cantin, 1922
78;Bin, Émile;Paris, 1825-Paris, 1897
79;Blanc, Joseph;Paris, 1846-Paris, 1904
80;Blanchard, Édouard-Théophile;Paris, 1844-Paris, 1879
81;Blin, Francis;Rennes, 1827-?, 1866
82;Bodmer, Karl;Zurich, 1809-Barbizon, 1893
83;Böhn, Germann von;Heilbronn, 1812-Stuttgart, 1899
84;Bompard, Maurice;Rodez, 1857-Paris, 1936
85;Bonheur, Auguste;Bordeaux, 1824-Bellevue, 1884
86;Bonnat, Léon;Bayonne, 1833-Monchy-Saint-Eloi, 1922
87;Bonnefoy, Henry;Boulogne sur Mer, 1839-Paris, 1917
88;Bonvin, François;Paris, 1817-Saint-Germain-en-Laye, 1887
89;Bouguereau, William;La Rochelle, 1825-La Rochelle, 1905
90;Boulangé, Louis;Verzy, 1815-?, 1878
91;Boulanger, Gustave;Paris, 1824-Paris, 1888
92;Bourgeois, Urbain;Nevers, 1842-?, ?
93;Boutet de Monvel, Louis-Maurice;Orléans, 1851-Nemours, 1913
94;Bouvier, Laurent;Vinay, 1841-St-Geoire en Valdaine, 1901
95;Bracquemond, Félix;Paris, 1833-Sèvres, 1914
96;Bramtot, Alfred-Henri;Paris, 1852-Garennes, 1894
97;Brandon, Édouard;Paris, 1831-Paris, 1897
98;Bremond, Jean;Paris, 1807-Paris, 1868
99;Brendel, Albert;Berlin, 1827-Weimar, 1895
100;Brest, Fabius;Marseille, 1823-Marseille, 1900
101;Breton, Jules;Courrières, 1827-Paris, 1906
102;Breton, Émile;Courrières, 1831-Courrières, 1902
103;Bridgmann, Frederick-Arthur;Tuskegee, 1847-Rouen, 1928
104;Briguiboul, Marcel;Sainte Colombe sur l'Hers, 1837-Nimes, 1892
105;Brillouin, Louis-Georges;Saint-Jean d'Angely, 1817-Melle, 1893
106;Brion, Gustave;Rothau, 1824-Paris, 1877
107;Brown, John-Lewis;Bordeaux, 1829-Paris, 1890
108;Browne, Henriette;Paris, 1829-Paris, 1901
109;Brozik, Vaclav;Zelezny Hamr (Tchèquie), 1851-Paris, 1901
110;Brun, Charles;Montpellier, 1823-Paris, 1908
111;Busson, Charles;Montoire, 1822-Paris, 1908
112;Butin, Ulysse;Saint Quentin, 1837-Paris, 1883
113;Cabanel, Alexandre;Montpellier, 1823-Paris, 1889
114;Cabanel, Pierre;Montpellier, 1838-Montpellier, 1917
115;Cambon, Armand;Montauban, 1819-Montauban, 1885
116;Camino, Charles;Saint-Etienne, 1824-Paris, 1888
117;Caraud, Joseph;Cluny, 1821-Cluny, 1905
118;Carteron, Eugène;Paris, 1848-Paris, 1928
119;Castres, Édouard;Genève, 1838-Annemasse, 1902
120;Cazes, Romain;Saint-Béat, 1808-Bagnères-de-Luchon, 1881
121;Cellier, Paul;Paris, 1826-Paris, 1868
122;Čermák, Jaroslav;Prague, 1831-Paris, 1878
123;Chabry, Léonce;Bordeaux, 1832-Bordeaux, 1883
124;Chaplin, Charles;Andelys, 1825-Paris, 1891
125;Charnay, Armand;Charlieu, 1844-Paris, 1915
126;Charpentier, Eugène-Louis;Paris, 1811-Paris, 1890
127;Chartran, Théobald;Besançon, 1849-Neuilly, 1907
128;Chavet, Victor;Pourcieux, 1822-Creusot, 1906
129;Chazal, Charles-Camille;Paris, 1825-Paris, 1875
130;Chenu, Fleury;Briançon, 1833-Lyon, 1875
131;Chevandier de Valdrôme, Paul;Saint-Quirin, 1817-Pourville, 1877
132;Chintreuil, Antoine;Pont-de-Vaux, 1814-Septeuil, 1873
133;Cibot, Édouard;Paris, 1799-Paris, 1877
134;Cicéri, Eugène;Paris, 1813-Marlotte, 1890
135;Claude, Jean-Maxime;Paris, 1823-Maisons-Lafitte, 1904
136;Clément, Félix;Donzères, 1826-Algers, 1888
137;Cock, Xavier de;Gand, 1818-Deurle, 1896
138;Cock, César de;Gand, 1823-Gand, 1904
139;Coëssin de la Fosse, Charles-Alexandre;Lisieux, 1829-Paris, 1910
140;Cogen, Félix;Saint Nicolas, 1838-Bruxelles, 1907
141;Colas, Alphonse;Lille, 1818-Lille, 1887
142;Colin, Paul;Nîmes, 1838-Paris, 1916
143;Collart, Marie;Bruwelles, 1842-Bruxelles, 1911
144;Collin, Raphaël;Paris, 1850-Brionne, 1916
145;Comerre, Léon;Trélon, 1850-Paris, 1916
146;Compte-Calix, François-Claudius;Lyon, 1813-Chazay-d'Azergues, 1880
147;Comte, Charles;Lyon, 1823-Paris, 1895
148;Coninck, Pierre de;Meteren, 1828-?, ?
149;Constant, Benjamin;Paris, 1845-Paris, 1902
150;Cormon, Fernand;Paris, 1845-Paris, 1924
151;Cot, Pierre-Auguste;Bédarieux, 1837-Paris, 1883
152;Courant, Maurice;Le Havre, 1847-Poissy, 1924
153;Courbet, Gustave;Ornans, 1819-La Tour de Peilz, 1877
154;Charlot de Courcy, Alexandre-Frédéric de;Paris, 1832-Sèvres, 1886
155;Courtat, Louis;Paris, 1847-Paris, 1909
156;Courtois, Gustave;Pusey, 1852-Paris, 1923
157;Couturier, Philibert-Léon;Chalon sur Saone, 1823-Saint-Quentin, 1901
158;Curzon, Alfred de;Migné, 1820-Paris, 1895
159;Dagnan-Bouveret, Pascal-Adolphe-Jean;Paris, 1852-Paris, 1929
160;Daliphard, Édouard;Rouen, 1833-Rouen, 1877
161;Dameron, Émile;Paris, 1848-Paris, 1908
162;Damoye, Emmanuel;Paris, 1847-Paris, 1916
163;Dantan, Édouard;Paris, 1848-?, ?
164;Dargelas, Henri;Bordeaux, 1828-Ecouen, 1906
165;Dauban, Jules-Joseph;Paris, 1822-Graveron, 1908
166;Daubigny, Charles-François;Paris, 1817-Paris, 1878
167;Daubigny, Karl;Paris, 1846-Auvers-sur-Oise, 1886
168;Dawant, Albert-Pierre;Paris, 1852-Paris, 1923
169;La Boulaye, Paul de;Bourg, 1849-Moulins, 1926
170;Nittis, Giuseppe de;Barletta, 1846-Saint Germain en Laye, 1884
171;Defaux, Alexandre;Bercy, 1826-Montigny sur Loing, 1900
172;Dehodencq, Alfred;Paris, 1822-Paris, 1882
173;Jonghe, Gustave de;Courtrai, 1829-Anvers, 1893
174;Delacroix, Henri-Eugène;Solesmes, 1845-Tonneins, 1930
175;Delanoy, Hippolyte;Glasgow, 1849-Paris, 1899
176;Delaunay, Jules;Nantes, 1828-Paris, 1891
177;Delobbe, Alfred;Paris, 1835-Paris, 1915
178;Delort, Charles;Nîmes, 1841-?, ?
179;Demont, Adrien-Louis;Douai, 1851-Wissant, 1928
180;Neuville, Alphonse de;Saint Omer, 1835-Paris, 1885
181;Denneulin, Jules;Lille, 1835-Lille, 1904
182;Deschamps, Louis;Montémilar, 1846-Montélimar, 1902
183;Desgoffe, Blaise;Paris, 1830-Paris, 1901
184;Desjobert, Louis-Eugène;Châteauroux, 1817-Paris, 1863
185;Desportes de la Fosse, Emma;Paris, 1810-Paris, 1869
186;Destrem, Casimir;Toulouse, 1844-Paris, 1912
187;Detaille, Édouard;Paris, 1848-Paris, 1912
188;Devers, Joseph;Turin, 1823-Turin, 1878
189;Devilly, Théodore;Metz, 1818-Nancy, 1886
190;Didier, Jules;Paris, 1831-Paris, 1914
191;Doucet, Lucien;Paris, 1856-Saint-Leu d'Esserent, 1895
192;Douillard, Alexis-Marie-Louis;Nantes, 1835-Bellevue, 1905
193;Dubasty, Adolphe-Henri;Paris, 1814-Paris, 1884
194;Dubois, Paul;Nogent-sur-Seine, 1829-Paris, 1905
195;Dubufe, Guillaume;Paris, 1853-Paris, 1909
196;Duez, Ernest-Ange;Paris, 1843-Saint-Germain-en-Laye, 1896
197;Dumas, Michel;Lyon, 1812-Lyon, 1885
198;Dupain, Edmond;Bordeaux, 1847-Paris, 1933
199;Dupray, Henry-Louis;Sédan, 1841-Paris, 1909
200;Dupré, Victor;Limoges, 1816-L'Isle-Adam, 1879
201;Dupré, Julien;Paris, 1851-Paris, 1910
202;Duran, Carolus;Lille, 1838-Paris, 1917
203;Duran, Pauline;Saint-Petersbourg, ?-?, ?
204;Durand, Simon;Genève, 1838-Genève, 1896
205;Duveau, Louis;Saint-Malo, 1818-Paris, 1867
206;Duverger, Théophile-Emmanuel;Bordeaux, 1821-?, 1898
207;Edelfelt, Albert;Helsinki, 1854-Haikko, 1905
208;Ehrmann, François;Strasbourg, 1833-Paris, 1910
209;Escallier, Éléonore;Poligny, 1827-Sèvres, 1888
210;Faivre, Tony;Besançon, 1830-Paris, 1905
211;Faivre-Duffer, Louis;Nancy, 1818-?, 1897
212;Falguière, Alexandre;Toulouse, 1831-Paris, 1900
213;Fantin-Latour, Henri;Grenoble, 1836-Buré, 1904
214;Faruffini, Federico;Sesto San Giovanni, 1833-Perouse, 1869
215;Faure, Eugène;Seyssinet, 1822-Bourg Saint Andréol, 1879
216;Favard, Antoine;Lyon, 1829-?, 1877
217;Ferrier, Gabriel;Nîmes, 1847-Paris, 1914
218;Feyen, Eugène;Bey-sur-Seille, 1815-Paris, 1908
219;Feyen-Perrin, Augustin;Bey-sur-Seille, 1826-Paris, 1888
220;Fichel, Eugène;Paris, 1826-Paris, 1895
221;Flahaut, Léon;Paris, 1831-Paris, 1920
222;Flameng, François;Paris, 1856-Paris, 1923
223;Fontaine, Edmé-Adolphe;Noisy le Grand, 1814-?, 1878
224;Fontenay, Alexis-Daligé de;Paris, 1813-Paris, 1892
225;Fortin, Charles;Paris, 1815-Paris, 1865
226;Foubert, Émile-Louis;Paris, 1848-Paris, 1911
227;Foulongne, Alfred-Charles;Rouen, 1821-Paris, 1897
228;Frère, Édouard;Paris, 1819-Ecouen, 1866
229;Frère, Théodore;Paris, 1814-Paris, 1888
230;Fritel, Pierre;Paris, 1853-Rochefort-en-Yvelines, 1942
231;Fromentin, Eugène;La Rochelle, 1820-Saint Maurice, 1876
232;Gaillard, Ferdinand;Paris, 1834-Paris, 1887
233;"Galbrund, Alphonse
Résultats Web

Alphonse-Louis";Paris, 1810-Neuilly sur Seine, 1885
234;Gautier, Étienne;Marseille, 1842-Paris, 1903
235;Gavarni, Pierre;Auteuil, 1846-?, 1932
236;Geffroy, Edmond;Maignelay, 1804-Saint Pierre les Nemours, 1895
237;Gélibert, Jules;Bagnères de Bigorre, 1834-Capbreton, 1916
238;Gendron, Auguste;Paris, 1817-Paris, 1881
239;Genty, Emmanuel;Dampierre sur Boutonne, 1830-?, 1904
240;Georges-Sauvage, Auguste-Albert;Caen, ?-?, ?
241;Gérôme, Jean-Léon;Vesoul, 1824-Paris, 1904
242;Gervex, Henri;Paris, 1852-Paris, 1929
243;Giacomotti, Félix;Quingey, 1828-Besançon, 1909
244;Gide, Théophile;Paris, 1822-Paris, 1890
245;Gilbert, Victor;Paris, 1847-?, 1933
246;Ginain, Eugène;Paris, 1818-Paris, 1886
247;Girard, Firmin;Poncin, 1838-Montluçon, 1921
248;Giraud, Victor;Paris, 1840-Paris, 1871
249;Giron, Charles;Genève, 1850-Genthod, 1914
250;Gisbert, Antonio;Alicante, 1834-Paris, 1901
251;Glaize, Léon;Paris, 1842-Paris, 1932
252;Gonzalèz, Juan-Antonio;Chiclana, 1842-Paris, 1917
253;Gosselin, Charles;Paris, 1834-Versailles, 1892
254;Goubie, Jean-Richard;Paris, 1842-Paris, 1899
255;Goupil, Jules;Paris, 1839-Neuilly sur Seine, 1883
256;Gratia, Charles-Louis;Rambervilliers, 1815-Montlignon, 1911
257;Groiseilliez, Marcelin de;Paris, 1837-?, 1880
258;Gros, Lucien;Wesserling, 1845-Poissy, 1913
259;Guay, Gabriel;Paris, 1848-Saint Leu la Foret, 1923
260;Gude, Hans Frederik;Oslo, 1825-Berlin, 1903
261;Guérin, Jean-Michel-Prosper;Paris, 1838-?, 1921
262;Guesnet, Louis;Fitz-James, 1843-Paris, 1907
263;Guillaumet, Gustave;Paris, 1840-Paris, 1887
264;Guillemet, Antoine;Chantilly, 1841-Mareuil sur Belle, 1918
265;Guillemin, Alexandre;Paris, 1817-Sermaise, 1880
266;Guillon, Adolphe;Paris, 1829-Paris, 1896
267;Guillou, Alfred;Concarneau, 1844-Paris, 1926
268;Haffner, Félix;Strasbourg, 1818-Mesnil Amelot, 1875
269;Hagborg, August;Gothembourg, 1852-Paris, 1921
270;Hamman, Édouard;Oostende, 1819-Paris, 1888
271;Hamon, Jean-Louis;Plouha, 1821-Saint-Raphael, 1874
272;Hanoteau, Hector;Decize, 1823-Briet, 1890
273;Haquette, Georges;Paris, 1853-Dieppe, 1906
274;Hareux, Ernest-Victor;Paris, 1847-Grenoble, 1909
275;Harpignies, Henri;Valenciennes, 1819-Saint Privé, 1916
276;Hébert, Ernest;La Tronche, 1817-La Tronche, 1908
277;Hédouin, Edmond;Boulogne sur Mer, 1820-Paris, 1889
278;Heilbuth, Ferdinand;Hamburg, 1826-Paris, 1889
279;Henneberg, Rudolf;Brunswick, 1825-Brunswick, 1876
280;Hennebicq, André;Tournai, 1826-Saint Gilles, 1904
281;Henner, Jean-Jacques;Bernwiller, 1829-Paris, 1905
282;Héreau, Jules;Paris, 1839-Paris, 1879
283;Hermann-Léon, Charles;Le Havre, 1838-Paris, 1908
284;Herpin, Léon;Granville, 1841-Paris, 1880
285;Hillemacher, Ernest;Paris, 1818-Paris, 1887
286;Hugrel, Pierre-Honoré;Paris, 1827-?, 1921
287;Huguet, Victor-Pierre;Le Lude, 1835-Paris, 1902
288;Humbert, Ferdinand;Paris, 1842-Paris, 1934
289;Imer, Édouard;Avignon, 1820-Harlem, 1881
290;Jacque, Charles-Émile;Paris, 1813-Paris, 1894
291;Jacquemart, Nélie;Paris, 1841-Paris, 1912
292;Jacquet, Gustave;Paris, 1846-Paris, 1909
293;Jalabert, Charles;Nîmes, 1818-Paris, 1901
294;Janet, Ange-Louis;Paris, 1815-Paris, 1872
295;Janmot, Louis;Lyon, 1814-Lyon, 1892
296;Japy, Louis;Berne, 1840-Paris, 1916
297;Jeannin, Georges;Paris, 1841-Paris, 1925
298;Jobbé-Duval, Félix;Carhaix, 1821-Paris, 1889
299;Jongkind, Johan Barthold;Lattrop, 1819-Saint Egrève, 1891
300;Jourdan, Adolphe;Nîmes, 1825-Nîmes, 1889
301;Jourdain, Roger;Louviers, 1845-Paris, 1918
302;Jundt, Gustave;Strasbourg, 1830-Paris, 1884
303;Kaemmerer, Hendrick;La Haye, 1839-Paris, 1902
304;Klagmann, Henri;Paris, 1845-?, 1871
305;Knaus, Ludwig;Wiesbaden, 1829-Berlin, 1910
306;Knyff, Alfred de;Anvers, 1819-Paris, 1885
307;Kreyder, Alexis;Andlau, 1839-Paris, 1912
308;Krug, Édouard;Drubec, 1829-Paris, 1901
309;Kuwasseg, Karl-Josef;Trieste, 1802-Nanterre, 1877
310;La Villette, Élodie;Strasbourg, 1842-Portivy, 1917
311;Laemlein, Alexandre;Hohenfeld, 1813-Pontlevoy, 1871
312;Lafond, Alexandre;Paris, 1815-Paris, 1901
313;Lalanne, Maxime;Bordeaux, 1827-Nogent-sur-Marne, 1886
314;Lambert, Louis-Eugène;Paris, 1825-Paris, 1900
315;Lambinet, Émile;Versailles, 1815-Bougival, 1877
316;Lamothe, Louis;Lyon, 1822-Paris, 1869
317;Lanoüe, Félix-Hippolyte;Versailles, 1812-Versailles, 1872
318;Lansyer, Emmanuel;Bouin, 1835-Paris, 1893
319;Lapierre, Louis-Émile;Paris, 1817-Paris, 1886
320;Lapostolet, Charles;Velars sur Ouche, 1824-Domène, 1890
321;Larcher, Jules;Choloy, 1849-?, 1883
322;Laugée, Désiré-François;Maromme, 1823-Paris, 1896
323;Laurens, Jules-Joseph-Augustin;Carpentras, 1825-Saint Didier, 1901
324;Laurens, Jean-Paul;Forquevaux, 1838-Paris, 1921
325;Lavieille, Eugène;Paris, 1820-Paris, 1889
326;Layraud, Joseph-Fortuné;La Roche sur le Buis, 1833-Valenciennes, 1913
327;Lazerges, Hippolyte;Narbonne, 1817-Mustapha, 1887
328;Le Blant, Julien;Paris, 1851-?, 1936
329;Le Gentile, Victor;Paris, 1815-Paris, 1889
330;Lebel, Edmond;Amiens, 1834-Amiens, 1908
331;Lecadre, Alphonse-Eugène-Félix;Nantes, 1842-Paris, 1875
332;Lechevallier-Chevignard, Edmond;Lyon, 1825-Paris, 1902
333;Leclaire, Victor;Paris, 1830-Paris, 1885
334;Lecointe, Charles-Joseph;Paris, 1824-Asnières, 1886
335;Lecomte-Vernet, Émile;Paris, 1821-Paris, 1900
336;Lecomte du Nouy, Jean-Antoine;Paris, 1842-Paris, 1923
337;Lefebvre, Jules;Tournan, 1834-Paris, 1911
338;Legras, Auguste;Perigueux, 1817-Paris, 1887
339;Legros, Alphonse;Dijon, 1837-Watford, 1911
340;Lehoux, Pierre-Adrien-Pascal;Paris, 1844-Paris, 1896
341;Leibl, Wilhelm;Cologne, 1844-Wurtzbourg, 1900
342;Leighton, Frédéric;Scarborough, 1830-Londres, 1896
343;Leleux, Armand;Paris, 1818-Paris, 1885
344;Leleux, Adolphe;Paris, 1812-Paris, 1891
345;Leloir, Louis;Paris, 1843-Paris, 1884
346;Leloir, Maurice;Paris, 1853-Paris, 1940
347;Lematte, Fernand;Saint-Quentin, 1850-?, 1921
348;Lenepveu, Jules-Eugène;Angers, 1819-Paris, 1898
349;Lepec, Charles;Paris, 1830-?, 1880
350;Lepic, Ludovic-Napoléon;Saint Péray, 1839-Paris, 1889
351;Lerolle, Henri;Paris, 1848-Paris, 1929
352;Leroux, Charles;Nantes, 1814-Nantes, 1895
353;Leroux, Hector;Verdun, 1829-Angers, 1900
354;Leroux, Eugène;Paris, 1833-?, 1905
355;Lévy, Émile;Paris, 1826-Paris, 1890
356;Lévy, Henri-Léopold;Nancy, 1840-Paris, 1904
357;Lhermitte, Léon;Mont Saint Père, 1844-Paris, 1925
358;Lix, Frédéric-Théodore;Strasbourg, 1830-Paris, 1897
359;Lobin, Julien-Léopold;Loches, 1814-Tours, 1864
360;Lobrichon, Timoléon;Cornod, 1831-Paris, 1914
361;Loir, Luigi;Göritz, 1845-Paris, 1916
362;Lottier, Louis;La Haye du Puits, 1815-Mont Saint Père, 1892
363;Luminais, Évariste;Nantes, 1821-Paris, 1896
364;Machard, Jules;Sampans, 1839-Bellevue, 1900
365;Madarasz, Viktor von;Csetnek, 1830-Budapest, 1917
366;Magaud, Dominique-Antoine;Paris, 1817-Marseille, 1899
367;Maignan, Albert;Beaumont sur Sarthe, 1845-Saint Prix, 1908
368;Maillart, Diogène-Ulysse-Napoléon;Lachaussée du Bois de l'Ecu, 1840-Paris, 1926
369;Maillot, Théodore;Paris, 1826-Passy, 1888
370;Maisiat, Johanny;Lyon, 1824-Arceuil, 1910
371;Maison, Pierre-Eugène;Les Riceys, 1814-Paris, 1879
372;Marais, Adolphe;Honfleur, 1856-Honfleur, 1940
373;Marchal, Charles;Paris, 1825-Paris, 1877
374;Maréchal, Charles-Raphaël;Metz, 1825-Paris, 1888
375;Marquis, Pierre-Charles;Tonnerre, 1798-Paris, 1874
376;Marzocchi de Bellucci, Tito;Florence, 1800-Paris, 1871
377;Masuré, Jules;Braisne, 1819-?, 1910
378;Matejko, Jan;Cracovie, 1838-Cracovie, 1893
379;Mathey, Paul;Paris, 1844-Paris, 1929
380;Matout, Louis;Renwez, 1811-Paris, 1888
381;Mazerolle, Joseph;Paris, 1826-Paris, 1889
382;Médard, Eugène;Paris, 1847-Paris, 1887
383;Meissonier, Charles;Paris, 1848-Paris, 1917
384;Melin, Joseph;Paris, 1814-Paris, 1886
385;Mélingue, Lucien;Batignolles, 1841-Aix-les-Bains, 1889
386;Mengin, Auguste-Charles;Paris, 1853-?, 1933
387;Mercadé Fàbrega, Benito;La Bisbal, 1821-Barcelone, 1897
388;Merino, Ignacio;San Miguel de Piura (Perou), 1817-Paris, 1876
389;Merle, Hugues;La Sône, 1822-Paris, 1881
390;Merson, Luc-Olivier;Paris, 1846-Paris, 1920
391;Méry, Alfred-Émile;Paris, 1824-Paris, 1896
392;Mesdag, Hendrick-Willem;Groningen, 1831-La Haye, 1915
393;Meyer, Alfred;Paris, 1832-Paris, 1904
394;Meyerheim, Paul;Berlin, 1842-Berlin, 1915
395;Meynier, Jules-Joseph;Paris, 1826-?, 1903
396;Michel, Charles-Henri;Fins, 1817-Paris, 1905
397;Michel, Émile;Metz, 1818-Paris, 1905
398;Michel, Ernest;Montpellier, 1833-Montpellier, 1902
399;Millet, Jean-François;Gréville, 1814-Barbizon, 1875
400;Mols, Robert;Anvers, 1848-Anvers, 1903
401;Monchablon, Alphonse;Avillers, 1835-Paris, 1907
402;Monginot, Charles;Brienne le Château, 1825-Dienville, 1900
403;Montessuy, François;Lyon, 1803-Lyon, 1876
404;Montfort, Antoine-Alphonse;Paris, 1802-Paris, 1884
405;Monvoisin, Domenica;Rome, 1805-Paris, 1881
406;Moreau, Gustave;Paris, 1826-Paris, 1898
407;Moreau, Adrien;Troyes, 1843-Paris, 1906
408;Moreau de Tours, Georges;Ivry sur Seine, 1848-Bois le Roi, 1901
409;Morin, Eugénie;Rouen, 1837-Paris, 1874
410;Morot, Aimé;Nancy, 1850-Dinard, 1913
411;Mortemart-Boisse, Enguerrand de;Paris, 1817-?, 1885
412;Motte, Henri-Paul;Paris, 1846-Paris, 1922
413;Mouchot, Louis;Paris, 1830-Paris, 1891
414;Mouillon, Alfred;Paris, 1832-Paris, 1886
415;Munkacsy, Mihaly;Muncaks, 1844-Endenich, 1900
416;Muraton, Alphonse;Tours, 1824-La Source Macé les Ménars, 1911
417;Muraton, Euphémie;Beaugency, 1836-?, 1900
418;Mussini, Luigi;Berlin, 1813-Siène, 1888
419;Navlet, Victor;Chalons sur Marne, 1819-Paris, 1886
420;Nazon, François-Henri;Réalmont, 1821-Montauban, 1902
421;Nègre, Charles;Grasse, 1820-Grasse, 1880
422;Némoz, Jean-Baptiste-Augustin;Thodure, 1834-Paris, 1897
423;Noël, Jules;Nancy, 1810-Mustapha (Algérie), 1881
424;Olivié, Léon;Narbonne, 1832-Etretat, 1901
425;Ordinaire, Marcel;Maizières, 1848-Maizières, 1896
426;Pabst, Alfred;Heiteren les Colmar, 1821-Paris, 1898
427;Paris, Camille;Paris, 1834-Barbizon, 1901
428;Parrot, Philippe;Saint Martin d'Excidueuil, 1831-Paris, 1894
429;Pasini, Alberto;Busseto, 1826-Cavoretto, 1899
430;Passini, Ludwig;Vienne, 1832-Venise, 1903
431;Patrois, Isidore;Noyers sur Serein, 1815-Paris, 1884
432;Pelez, Fernand;Paris, 1843-Paris, 1913
433;Pelouse, Léon-Germain;Pierrelaye, 1838-Paris, 1891
434;Penne, Olivier de;Paris, 1831-Marlotte, 1897
435;Péraire, Emmanuel;Bordeaux, 1829-Paris, 1893
436;Pelez de Cordova, Fernand;Paris, 1820-?, 1899
437;Perrault, Léon;Poitiers, 1832-Royan, 1908
438;Perret, Aimé;Lyon, 1847-Bois le Roi, 1927
439;Petit, Savinien;Trémilly, 1815-Paris, 1878
440;Petit, Eugène;Paris, 1839-Paris, 1886
441;Pichon, Pierre-Auguste;Sorèze, 1805-Paris, 1900
442;Picou, Henri;Nantes, 1824-Nantes, 1895
443;Pille, Charles-Henri;Essonnes, 1844-Paris, 1897
444;Pils, Isidore;Paris, 1813-Douarnenez, 1875
445;Plassan, Antoine;Bordeaux, 1817-Paris, 1903
446;Pluyette, Auguste-Victor;Paris, 1820-?, 1871
447;Pointelin, Auguste;Arbois, 1839-Paris, 1933
448;Poirson, Maurice;Paris, 1850-Paris, 1882
449;Poncet, Jean-Baptiste;Saint Laurent de Mure, 1827-Lyon, 1901
450;Debat-Ponsan, Édouard-Bernard;Toulouse, 1847-Paris, 1913
451;Popelin, Claudius;Paris, 1825-Paris, 1892
452;Bonaparte, Princesse Mathilde;Trieste, 1820-Paris, 1904
453;Priou, Louis;Toulouse, 1845-?, 1921
454;Pron, Louis-Hector;Sézanne, 1817-Troyes, 1902
455;Protais, Alexandre;Paris, 1825-Paris, 1890
456;Puvis de Chavannes, Pierre;Lyon, 1824-Paris, 1898
457;Quantin, Jules;Paris, 1810-?, ?
458;Quost, Ernest;Avallon, 1844-Paris, 1931
459;Ranvier, Victor;Lyon, 1832-Chatillon sous Bagneux, 1896
460;Rapin, Alexandre;Noroy le Bourg, 1839-Paris, 1889
461;Ravaut, René-Henri;?, ?-?, ?
462;Régamey, Guillaume;Paris, 1837-Paris, 1875
463;Regnault, Henri;Paris, 1843-Buzenval, 1871
464;Reignier, Jean;Lyon, 1815-Lyon, 1886
465;Renard, Émile;Sèvres, 1850-Paris, 1930
466;Renouf, Émile;Paris, 1845-Le Havre, 1894
467;Reynaud, François;Marseille, 1825-Paris, 1909
468;Ribot, Théodule;Breteuil, 1823-Colombes, 1891
469;Ricard, Gustave;Marseille, 1823-Paris, 1873
470;Richomme, Jules;Paris, 1818-Paris, 1902
471;Richter, Gustav;Berlin, 1823-Berlin, 1884
472;Riesener, Léon;Paris, 1808-Paris, 1878
473;Rigo, Jules;Paris, 1810-?, 1892
474;Rivey, Arsène;Caen, 1838-Paris, 1903
475;Rivoulon, Antoine;Cusset, 1810-Paris, 1864
476;Rixens, Jean-André;Saint Gaudens, 1846-Paris, 1923
477;Robert, Léo-Paul;Ried, 1851-Paris, 1923
478;Robert-Fleury, Tony;Paris, 1837-Paris, 1912
479;Robie, Jean;Buxelles, 1821-Saint Gilles, 1910
480;Robinet, Paul;Magny Vernois, 1845-?, 1923
481;Roche, Alexandre;Paris, 1823-?, 1878
482;Roehn, Alphonse-Jean;Paris, 1799-Paris, 1864
483;Rodakowski, Henryk;Lviv, 1823-Cracovie, 1894
484;Rodriguez Barcaza, Ramón;Cadiz, 1820-Cadiz, 1892
485;Roll, Alfred;Paris, 1846-Paris, 1919
486;Romagny, Charles-Ernest;Mello, 1828-Paris, 1858
487;Ronot, Charles;Belan sur Ource, 1820-Dijon, 1895
488;Rosier, Amédée;Meaux, 1831-?, 1898
489;Rouffio, Paul;Marseille, 1847-Viroflay, 1911
490;Rougeron, Jules-James;Gevrey Chambertin, 1841-Paris, 1880
491;Rousseau, Théodore;Paris, 1812-Barbizon, 1867
492;Roux, Louis;Paris, 1817-Paris, 1903
493;Roybet, Ferdinand;Uzès, 1840-Paris, 1920
494;Rozier, Dominique;Paris, 1840-Paris, 1901
495;Saal, Georg;Coblence, 1818-Baden-Baden, 1870
496;Sain, Édouard;Cluny, 1830-Paris, 1910
497;Saintin, Jules;Lemée, 1829-Paris, 1894
498;Saint-Pierre, Gaston;Nîmes, 1833-Paris, 1916
499;Salmson, Hugo;Stockolm, 1844-Lund, 1894
500;Sarazin de Belmont, Louise-Joséphine;Versailles, 1790-Paris, 1870
501;Sautai, Paul-Émile;Amiens, 1842-Paris, 1901
502;Schenck, August;Glückstadt, 1828-Ecouen, 1901
503;Schneider, Félicie;Saint Cloud, 1831-?, 1888
504;Schreyer, Adolf;Francfort, 1828-Cronberg, 1899
505;Schutzenberger, Louis;Strasbourg, 1825-Strasbourg, 1903
506;Ségé, Alexandre;Paris, 1818-Coubron, 1885
507;Sellier, Charles;Nancy, 1830-Nancy, 1882
508;Servin, Amédée;Paris, 1829-Villiers sur Morin, 1884
509;Sohn, Wilhelm;Berlin, 1830-Bonn, 1899
510;Sorieul, Jean;Rouen, 1824-Rouen, 1871
511;Soyer, Paul;Paris, 1823-Ecouen, 1903
512;Stevens, Joseph;Bruxelles, 1816-Bruxelles, 1892
513;Stevens, Alfred;Bruxelles, 1823-Paris, 1906
514;Sturel, Octavie;Metz, 1819-Metz, 1854
515;Sylvestre, Joseph;Béziers, 1847-Paris, 1926
516;Tabar, Léopold;Paris, 1818-Argenteuil, 1869
517;Tassaert, Octave;Paris, 1800-Paris, 1874
518;Thévenin, Rosalie;Lyon, ?-Paris, 1892
519;Thirion, Eugène;Paris, 1839-Paris, 1910
520;Timbal, Louis-Charles;Paris, 1821-Paris, 1880
521;Tissier, Ange;Paris, 1814-Nice, 1876
522;Tissot, James;Nantes, 1836-Buillon, 1902
523;Torrents, Stanislas;Marseille, 1839-Cannes, 1916
524;Toudouze, Édouard;Paris, 1848-Paris, 1907
525;Toulmouche, Auguste;Nantes, 1829-Nantes, 1890
526;Tourny, Joseph;Paris, 1817-Montpellier, 1880
527;Trayer, Jean-Baptiste-Jules;Metz, 1824-?, 1908
528;Ulmann, Benjamin;Blotzheim, 1829-Paris, 1884
529;Valadon, Jules-Emmanuel;Paris, 1826-Paris, 1900
530;Haanen, Cecil-Charles van;Vienne, 1844-Vienne, 1914
531;Van Hove, Victor;Ronse, 1826-Bruxelles, 1891
532;Marcke, Émile van;Sèvres, 1827-Hyères, 1890
533;Moer, Jean-Baptiste van;Bruxelles, 1819-Bruxelles, 1884
534;Muyden, Alfred van;Lausanne, 1818-Champel, 1898
535;Vannutelli, Scipione;Rome, 1834-Rome, 1894
536;Vauchelet, Théophile;Passy, 1802-Paris, 1873
537;Vautier, Benjamin;Morges, 1829-Düsseldorf, 1898
538;Vayson, Paul;Gordes, 1841-Paris, 1911
539;Vély, Anatole;Ronsoy, 1838-Paris, 1882
540;Verlat, Charles;Anvers, 1824-Anvers, 1890
541;Vernier, Émile-Louis;Lons le Saunier, 1829-Paris, 1887
542;Verwée, Alfred;Saint Josse ten Node, 1838-Scharbeek, 1895
543;Veyrassat, Jules Jacques;Paris, 1828-Paris, 1893
544;Vibert, Jehan-Georges;Paris, 1840-Paris, 1902
545;Vignon, Jules;Belfort, 1815-Paris, 1885
546;Viollet-le-Duc, Adolphe-Étienne;Paris, 1817-Paris, 1878
547;Voillemot, Charles;Paris, 1822-Paris, 1893
548;Vollon, Antoine;Lyon, 1833-Paris, 1900
549;Heyden, August von;Breslau, 1827-Berlin, 1897
550;Thoren, Otto von;Vienne, 1828-Paris, 1889
551;Vuillefroy, Félix de;Paris, 1841-?, 1910
552;Wagrez, Jacques;Paris, 1846-Paris, 1908
553;Wahlberg, Alfred;Stockholm, 1834-Tranas, 1906
554;Watelin, Louis-Victor;Paris, 1835-Paris, 1907
555;Wauters, Émile;Bruxelles, 1846-Paris, 1933
556;Weber, Otto;Berlin, 1832-Londres, 1888
557;Weber, Adolphe;Boulay-Moselle, 1842-?, 1883
558;Weerts, Jean-Joseph;Roubaix, 1846-Paris, 1927
559;Weisz, Adolphe;Budapest, 1838-?, 1904
560;Wencker, Joseph;Strasbourg, 1848-Paris, 1919
561;Winne, Liévin de;Gand, 1821-Bruxelles, 1880
562;Worms, Jules;Paris, 1835-Paris, 1914
563;Wylie, Robert;Isle of Man, 1839-Pont Aven, 1877
564;Yon, Edmond;Paris, 1836-Paris, 1897
565;Yvon, Adolphe;Eschweiler, 1817-Paris, 1893
566;Zac, Tony;Vienne, ?-?, ?
567;Zamacois, Eduardo;Bilbao, 1841-Madrid, 1871
568;Ziem, Félix;Beaune, 1821-Paris, 1911
569;Zo, Achille;Bayonne, 1826-Bordeaux, 1901
570;Zuber, Jean-Henri;Rixheim, 1844-Paris, 1904
571;Achard, Jean-Alexis;Voreppe, 1807-Grenoble, 1884
572;Apoil, Estelle;Sèvres, 1825-?, 1892
573;Baron, Henri;Besançon, 1816-Genève, 1885
574;Béranger, Jean-Baptiste;Sèvres, 1814-Paris, 1883
575;Herbelin, Mathilde;Brunoy, 1820-Paris, 1904
576;Bianchi, Nina;?, ?-?, ?
577;Biard, François-Auguste;Lyon, 1798-Fontainebleau, 1886
578;Bida, Alexandre;Toulouse, 1813-Lautenbach, 1895
579;Bonheur, Rosa;Bordeaux, 1822-By, 1899
580;Bouquet, Michel;Lorient, 1807-Paris, 1890
581;Brune, Adolphe;Paris, 1802-Paris, 1880
582;Buttura, Eugène-Ferdinand;Paris, 1812-Paris, 1852
583;Chacaton, Henri de;Chézy, 1813-?, 1886
584;Coignard, Louis;Mayenne, 1812-Paris, 1883
585;Coignet, Jules;Paris, 1798-Paris, 1860
586;Corot, Camille;Paris, 1796-Paris, 1875
587;Dauzats, Adrien;Bordeaux, 1804-Paris, 1868
588;David, Maxime;Chalons en Champagne, 1798-Paris, 1870
589;Dedreux, Alfred;Paris, 1810-Paris, 1860
590;Debon, Hippolyte;Paris, 1807-Paris, 1872
591;Delacroix, Eugène;Charenton St Maurice, 1798-Paris, 1863
592;Desgoffe, Alexandre;Paris, 1805-Paris, 1882
593;Díaz de la Peña, Narcisse;Bordeaux, 1807-Menton, 1876
594;Dien, Claude-Marie-François;Paris, 1787-Paris, 1865
595;Duvaux, Antoine-Jules;Bordeaux, 1818-Paris, 1884
596;Fauvelet, Jean;Bordeaux, 1819-Chartres, 1883
597;Flandrin, Hippolyte;Lyon, 1809-Rome, 1864
598;Flandrin, Paul;Lyon, 1811-Paris, 1902
599;Français, François-Louis;Plombières les Bains, 1814-Paris, 1897
600;Gigoux, Jean;Besançon, 1806-Paris, 1894
601;Giroux, Achille;Mortagne au Perche, 1816-Damazan, 1854
602;Glaize, Auguste;Montpellier, 1807-Paris, 1893
603;Grönland, Theude;Altona (Hambourg), 1817-Berlin, 1876
604;Gudin, Théodore;Paris, 1802-Paris, 1880
605;Hesse, Alexandre;Paris, 1806-Paris, 1879
606;Hildebrandt, Frédéric;Danzig, 1819-Rome, 1855
607;Hoguet, Charles;Berlin, 1821-Berlin, 1870
608;Huet, Paul;Paris, 1803-Paris, 1869
609;Jadin, Godefroy;Paris, 1805-Paris, 1882
610;Johannot, Tony;Offenbach, 1803-Paris, 1852
611;Joyant, Jules;Paris, 1803-Paris, 1854
612;Lacroix, Gaspard;Turin, 1810-Paris, 1878
613;Landelle, Charles;Laval, 1821-Chennevières sur Marne, 1908
614;Laurent, Marie Pauline;Paris, 1805-Paris, 1860
615;Lepoittevin, Eugène;Paris, 1806-Paris, 1870
616;Lehmann, Henri;Kiel, 1814-Paris, 1882
617;Longchamp, Henriette de;Saint Dizier, 1814-Paris, 1887
618;Masquelier, Claude-Louis;Paris, 1781-?, 1852
619;Meissonier, Ernest;Lyon, 1815-Paris, 1891
620;Morel-Fatio, Léon;Rouen, 1810-Paris, 1871
621;Müller, Charles Louis;Paris, 1815-Paris, 1892
622;Nanteuil, Célestin;Rome, 1813-Bourron-Marlotte, 1873
623;Palizzi, Giuseppe;Lanciano, 1812-Paris, 1888
624;Passot, Gabriel-Aristide;Nevers, 1797-Paris, 1875
625;Penguilly-L'Haridon, Octave;Paris, 1811-Paris, 1870
626;Pignerolle, Charles-Marcel de;Angers, 1815-Angers, 1893
627;Pilliard, Jacques;Vienne, 1814-Rome, 1898
628;Place, Henri;Paris, 1812-?, 1855
629;Pommayrac, Pierre-Paul de;Puerto Rico, 1807-Paris, 1880
630;Richaud, Joseph;Aix en Provence, 1812-?, ?
631;Rousseau, Philippe;Paris, 1816-Acquigny, 1887
632;Rudder, Louis-Henri de;Paris, 1807-Paris, 1881
633;Sebron, Hippolyte;Caudebec en Caux, 1804-Paris, 1879
634;Steinheil, Louis;Strasbourg, 1814-Paris, 1885
635;Thuillier, Pierre;Amiens, 1799-Paris, 1858
636;Troyon, Constant;Sèvres, 1810-Paris, 1865
637;Verdier, Marcel;Paris, 1817-Paris, 1856
638;Vetter, Hégésippe-Jean;Paris, 1820-?, 1900
639;Ziegler, Jules;Langres, 1804-Paris, 1856
640;Vidal, Vincent;Carcassonne, 1811-Paris, 1887
641;Robert, Victor;Le Puy en Velay, 1813-Lavoute sur Loire, 1888
642;Dubois, Hippolyte;Nantes, 1837-Samoëns, 1909
643;Cazin, Jean-Charles;Samer, 1841-Le Lavandou, 1901
644;Bénouville, Achille;Paris, 1815-Paris, 1891
645;Couder, Auguste;Londres, 1790-?, ?
646;Bellel, Jean-Joseph;Paris, 1816-Paris, 1898
647;Mirbel, Lizinska de;Paris, 1796-Cherbourg, 1849
648;Gallait, Louis;Tournai, 1810-Schaerbeek, 1887
649;Guignet, Adrien;Annecy, 1816-Paris, 1854
650;Malathier, André;?, ?-Paris, 1852
651;Jadelot, Sophie;Metz, 1820-?, ?
